{
  "test_config": {
    "starting_currency": 1000.0,
    "months": 3,
    "loss_tolerance": 0.0,
    "granularity": "5m",
    "candles": 25850,
    "test_date": "2025-12-17T11:18:47.534707",
    "strategies_tested": 10
  },
  "results": [
    {
      "final_baseline": 867.7841700950016,
      "current_value": 867.7841700950016,
      "baseline_return_pct": -13.221582990499837,
      "value_return_pct": -13.221582990499837,
      "apy_usd": 53.69711670819748,
      "apy_btc": 64.79469278105645,
      "trades": 11,
      "wins": 5,
      "losses": 0,
      "rejected_buys": 0,
      "rejected_sells": 0,
      "win_rate": 100.0,
      "avg_profit_per_trade": -26.443165980999673,
      "final_position": "long",
      "success": true,
      "strategy": "MomentumStrategy",
      "strategy_params": {
        "period": 10,
        "buy_threshold": 1.0,
        "sell_threshold": -1.0
      },
      "loss_tolerance": 0.0,
      "loss_tolerance_pct": 0.0
    },
    {
      "final_baseline": 784.0682195466296,
      "current_value": 784.0682195466296,
      "baseline_return_pct": -21.593178045337037,
      "value_return_pct": -21.593178045337037,
      "apy_usd": 15.479126442182833,
      "apy_btc": 33.06761981348605,
      "trades": 11,
      "wins": 5,
      "losses": 0,
      "rejected_buys": 0,
      "rejected_sells": 0,
      "win_rate": 100.0,
      "avg_profit_per_trade": -43.186356090674074,
      "final_position": "long",
      "success": true,
      "strategy": "EMACrossStrategy",
      "strategy_params": {
        "fast": 12,
        "slow": 26
      },
      "loss_tolerance": 0.0,
      "loss_tolerance_pct": 0.0
    },
    {
      "final_baseline": 819.7900183228487,
      "current_value": 819.7900183228487,
      "baseline_return_pct": -18.02099816771513,
      "value_return_pct": -18.02099816771513,
      "apy_usd": 13.0771312179085,
      "apy_btc": 58.714632720445415,
      "trades": 15,
      "wins": 7,
      "losses": 0,
      "rejected_buys": 0,
      "rejected_sells": 0,
      "win_rate": 100.0,
      "avg_profit_per_trade": -25.7442830967359,
      "final_position": "long",
      "success": true,
      "strategy": "EMACrossStrategy",
      "strategy_params": {
        "fast": 9,
        "slow": 26
      },
      "loss_tolerance": 0.0,
      "loss_tolerance_pct": 0.0
    },
    {
      "final_baseline": 819.7900183228487,
      "current_value": 819.7900183228487,
      "baseline_return_pct": -18.02099816771513,
      "value_return_pct": -18.02099816771513,
      "apy_usd": 13.0771312179085,
      "apy_btc": 58.714632720445415,
      "trades": 15,
      "wins": 7,
      "losses": 0,
      "rejected_buys": 0,
      "rejected_sells": 0,
      "win_rate": 100.0,
      "avg_profit_per_trade": -25.7442830967359,
      "final_position": "long",
      "success": true,
      "strategy": "EMACrossStrategy",
      "strategy_params": {
        "fast": 9,
        "slow": 26
      },
      "loss_tolerance": 0.00025,
      "loss_tolerance_pct": 0.025
    },
    {
      "final_baseline": 818.9767326088098,
      "current_value": 818.9767326088098,
      "baseline_return_pct": -18.102326739119018,
      "value_return_pct": -18.102326739119018,
      "apy_usd": 12.629078656664738,
      "apy_btc": 58.08574784397802,
      "trades": 17,
      "wins": 7,
      "losses": 1,
      "rejected_buys": 0,
      "rejected_sells": 0,
      "win_rate": 87.5,
      "avg_profit_per_trade": -22.627908423898774,
      "final_position": "long",
      "success": true,
      "strategy": "EMACrossStrategy",
      "strategy_params": {
        "fast": 9,
        "slow": 26
      },
      "loss_tolerance": 0.001,
      "loss_tolerance_pct": 0.1
    },
    {
      "final_baseline": 775.2947093257287,
      "current_value": 775.2947093257287,
      "baseline_return_pct": -22.47052906742713,
      "value_return_pct": -22.47052906742713,
      "apy_usd": 10.29547687636203,
      "apy_btc": 26.961997146079185,
      "trades": 9,
      "wins": 4,
      "losses": 0,
      "rejected_buys": 0,
      "rejected_sells": 0,
      "win_rate": 100.0,
      "avg_profit_per_trade": -56.17632266856782,
      "final_position": "long",
      "success": true,
      "strategy": "EMACrossStrategy",
      "strategy_params": {
        "fast": 9,
        "slow": 21
      },
      "loss_tolerance": 0.0,
      "loss_tolerance_pct": 0.0
    },
    {
      "final_baseline": 755.9536639524056,
      "current_value": 755.9536639524056,
      "baseline_return_pct": -24.404633604759443,
      "value_return_pct": -24.404633604759443,
      "apy_usd": 0.0,
      "apy_btc": 0.0,
      "trades": 1,
      "wins": 0,
      "losses": 0,
      "rejected_buys": 0,
      "rejected_sells": 0,
      "win_rate": 0,
      "avg_profit_per_trade": 0,
      "final_position": "long",
      "success": true,
      "strategy": "MomentumStrategy",
      "strategy_params": {
        "period": 10,
        "buy_threshold": 2.0,
        "sell_threshold": -2.0
      },
      "loss_tolerance": 0.0,
      "loss_tolerance_pct": 0.0
    },
    {
      "final_baseline": 755.9536639524056,
      "current_value": 755.9536639524056,
      "baseline_return_pct": -24.404633604759443,
      "value_return_pct": -24.404633604759443,
      "apy_usd": 0.0,
      "apy_btc": 0.0,
      "trades": 1,
      "wins": 0,
      "losses": 0,
      "rejected_buys": 0,
      "rejected_sells": 0,
      "win_rate": 0,
      "avg_profit_per_trade": 0,
      "final_position": "long",
      "success": true,
      "strategy": "MomentumStrategy",
      "strategy_params": {
        "period": 10,
        "buy_threshold": 3.0,
        "sell_threshold": -3.0
      },
      "loss_tolerance": 0.0,
      "loss_tolerance_pct": 0.0
    },
    {
      "final_baseline": 763.8496890784023,
      "current_value": 763.8496890784023,
      "baseline_return_pct": -23.615031092159768,
      "value_return_pct": -23.615031092159768,
      "apy_usd": 0.0,
      "apy_btc": 0.0,
      "trades": 1,
      "wins": 0,
      "losses": 0,
      "rejected_buys": 0,
      "rejected_sells": 0,
      "win_rate": 0,
      "avg_profit_per_trade": 0,
      "final_position": "long",
      "success": true,
      "strategy": "MomentumStrategy",
      "strategy_params": {
        "period": 5,
        "buy_threshold": 2.0,
        "sell_threshold": -2.0
      },
      "loss_tolerance": 0.0,
      "loss_tolerance_pct": 0.0
    },
    {
      "final_baseline": 697.2127106227106,
      "current_value": 697.2127106227106,
      "baseline_return_pct": -30.278728937728943,
      "value_return_pct": -30.278728937728943,
      "apy_usd": 0.0,
      "apy_btc": 0.0,
      "trades": 1,
      "wins": 0,
      "losses": 0,
      "rejected_buys": 0,
      "rejected_sells": 0,
      "win_rate": 0,
      "avg_profit_per_trade": 0,
      "final_position": "long",
      "success": true,
      "strategy": "MomentumStrategy",
      "strategy_params": {
        "period": 20,
        "buy_threshold": 2.0,
        "sell_threshold": -2.0
      },
      "loss_tolerance": 0.0,
      "loss_tolerance_pct": 0.0
    }
  ],
  "failed": []
}